,Unnamed: 0,label,url_type,scheme,netloc,path,params,query,fragment,port,ip_1,ip_2,ip_3,ip_4,ip,contains [,contains ],contains {,contains },contains (,contains ),contains ;,contains :,contains ',contains @,contains #,contains ~,contains <,contains >,"contains ,",contains .,contains ?,contains /,contains \,contains |,contains `,contains ¬,contains !,"contains """,contains ^,contains &,contains *,contains -,contains _,contains +,contains =,contains %,contains $,contains £,url length,https,top_level_domain,netloc_length,path_length,params_length,query_length,fragment_length,asn_reg,asn,asn_country_code,asn_date,nets_country_code,status_code,is_redirect,server,expires,content_length,content_type,x_powered_by,tld_ca,tld_com,tld_cx,tld_edu,tld_fr,tld_gov,tld_jp,tld_net,tld_org,tld_ro,tld_ru,tld_tw,tld_uk,servers_ATS,servers_Apache,servers_Apache/2.4.29 (Ubuntu),servers_Apache/2.4.6 (CentOS) OpenSSL/1.0.2k-fips PHP/7.1.33,servers_Apache/2.4.6 (CentOS) PHP/5.4.16,servers_CloudFront,servers_ECD (nya/79C5),servers_GSE,servers_Microsoft-IIS/10.0,servers_Microsoft-IIS/7.5,servers_Microsoft-IIS/8.5,servers_NR_WEB,servers_NginX,servers_Server,servers_UploadServer,servers_Varnish,servers_cloudflare,servers_mw1391.eqiad.wmnet,servers_nginx,servers_nginx/1.16.1,servers_openresty,asn_country_code_BG,asn_country_code_BR,asn_country_code_CA,asn_country_code_CN,asn_country_code_CY,asn_country_code_FR,asn_country_code_GB,asn_country_code_IN,asn_country_code_JP,asn_country_code_NL,asn_country_code_RU,asn_country_code_US,nets_country_code_BG,nets_country_code_CA,nets_country_code_CN,nets_country_code_EU,nets_country_code_FR,nets_country_code_IE,nets_country_code_IN,nets_country_code_JP,nets_country_code_NL,nets_country_code_RU,nets_country_code_US,status_code_403.0,status_code_404.0,status_code_406.0,status_code_503.0,status_code_999.0,asn_reg_arin,asn_reg_lacnic,asn_reg_ripencc,x_powered_by_ASP.NET,x_powered_by_Express,x_powered_by_PHP/5.4.16,x_powered_by_PHP/5.6.40,x_powered_by_PHP/7.1.33,x_powered_by_W3 Total Cache/0.11.0,x_powered_by_science!
179,68538,0,1,http,www.development.ohio.gov,/research/files/s0.htm,,,,80,66,144,126,8,66.144.126.8,0,0,0,0,0,0,0,1,0,0,0,0,0,0,0,4,0,5,0,0,0,0,0,0,0,0,0,0,0,0,0,0,0,0,53,0,gov,24,22,0,0,0,arin,19902,US,2001/6/13,US,,,,,,,,0,0,0,0,0,1,0,0,0,0,0,0,0,0,0,0,0,0,0,0,0,0,0,0,0,0,0,0,0,0,0,0,0,0,0,0,0,0,0,0,0,0,0,0,0,1,0,0,0,0,0,0,0,0,0,0,1,0,0,0,0,0,1,0,0,0,0,0,0,0,0,0
240,977286,1,0,http,167.71.68.6,/sh,,,,80,167,71,68,6,167.71.68.6,0,0,0,0,0,0,0,1,0,0,0,0,0,0,0,3,0,3,0,0,0,0,0,0,0,0,0,0,0,0,0,0,0,0,21,0,0,11,3,0,0,0,arin,14061,US,2019/4/24,US,404,FALSE,nginx,0,146,text/html,0,0,0,0,0,0,0,0,0,0,0,0,0,0,0,0,0,0,0,0,0,0,0,0,0,0,0,0,0,0,0,0,1,0,0,0,0,0,0,0,0,0,0,0,0,0,1,0,0,0,0,0,0,0,0,0,0,1,0,1,0,0,0,1,0,0,0,0,0,0,0,0,0
148,47396,0,1,https,www.answers.yahoo.com,/question/index,,qid=20111110162954AAaTxV8,,443,87,248,100,201,87.248.100.201,0,0,0,0,0,0,0,1,0,0,0,0,0,0,0,3,1,4,0,0,0,0,0,0,0,0,0,0,0,0,1,0,0,0,70,1,com,21,15,0,25,0,ripencc,34010,GB,2005/8/17,IE,200,FALSE,ATS,0,0,text/html; charset=utf-8,0,0,1,0,0,0,0,0,0,0,0,0,0,0,1,0,0,0,0,0,0,0,0,0,0,0,0,0,0,0,0,0,0,0,0,0,0,0,0,0,0,1,0,0,0,0,0,0,0,0,0,0,1,0,0,0,0,0,0,0,0,0,0,0,0,1,0,0,0,0,0,0,0
352,227572,1,0,http,119.180.115.146:56436,/Mozi.m,,,,56436,119,180,115,146,119.180.115.146,0,0,0,0,0,0,0,2,0,0,0,0,0,0,0,4,0,3,0,0,0,0,0,0,0,0,0,0,0,0,0,0,0,0,35,0,0,21,7,0,0,0,apnic,4837,CN,2008/2/25,CN,,,,,,,,0,0,0,0,0,0,0,0,0,0,0,0,0,0,0,0,0,0,0,0,0,0,0,0,0,0,0,0,0,0,0,0,0,0,0,0,0,1,0,0,0,0,0,0,0,0,0,0,1,0,0,0,0,0,0,0,0,0,0,0,0,0,0,0,0,0,0,0,0,0,0,0
361,925170,1,1,http,onedrive.linkpc.net,/Ali/Yasine/final.txt,,,,80,67,214,175,69,67.214.175.69,0,0,0,0,0,0,0,1,0,0,0,0,0,0,0,3,0,5,0,0,0,0,0,0,0,0,0,0,0,0,0,0,0,0,47,0,net,19,21,0,0,0,arin,12260,US,2007/9/28,US,200,FALSE,Apache/2.4.6 (CentOS) PHP/5.4.16,0,2112,text/html; charset=UTF-8,PHP/5.4.16,0,0,0,0,0,0,0,1,0,0,0,0,0,0,0,0,0,1,0,0,0,0,0,0,0,0,0,0,0,0,0,0,0,0,0,0,0,0,0,0,0,0,0,0,0,1,0,0,0,0,0,0,0,0,0,0,1,0,0,0,0,0,1,0,0,0,0,1,0,0,0,0
272,67775,1,1,http,chigusa-yukiko.com,/blog/INC/Jf1AyOrQDFt2/,,,,80,183,181,89,149,183.181.89.149,0,0,0,0,0,0,0,1,0,0,0,0,0,0,0,1,0,6,0,0,0,0,0,0,0,0,0,1,0,0,0,0,0,0,48,0,com,18,23,0,0,0,apnic,2519,JP,2009/12/1,JP,404,FALSE,nginx,"Wed, 11 Jan 1984 05:00:00 GMT",0,text/html; charset=UTF-8,0,0,1,0,0,0,0,0,0,0,0,0,0,0,0,0,0,0,0,0,0,0,0,0,0,0,0,0,0,0,0,0,1,0,0,0,0,0,0,0,0,0,0,1,0,0,0,0,0,0,0,0,0,0,1,0,0,0,0,1,0,0,0,0,0,0,0,0,0,0,0,0,0
366,761854,1,0,http,159.89.87.113,/razor/r4z0r.arm7,,,,80,159,89,87,113,159.89.87.113,0,0,0,0,0,0,0,1,0,0,0,0,0,0,0,4,0,4,0,0,0,0,0,0,0,0,0,0,0,0,0,0,0,0,37,0,0,13,17,0,0,0,arin,14061,US,2017/7/7,US,,,,,,,,0,0,0,0,0,0,0,0,0,0,0,0,0,0,0,0,0,0,0,0,0,0,0,0,0,0,0,0,0,0,0,0,0,0,0,0,0,0,0,0,0,0,0,0,0,1,0,0,0,0,0,0,0,0,0,0,1,0,0,0,0,0,1,0,0,0,0,0,0,0,0,0
128,256160,0,1,https,www.hmrc.gov.uk,/casc/b.htm,,,,443,2,19,148,208,2.19.148.208,0,0,0,0,0,0,0,1,0,0,0,0,0,0,0,4,0,4,0,0,0,0,0,0,0,0,0,0,0,0,0,0,0,0,34,1,uk,15,11,0,0,0,ripencc,16625,NL,2010/9/10,EU,200,FALSE,nginx,0,14798,text/html; charset=utf-8,0,0,0,0,0,0,0,0,0,0,0,0,0,1,0,0,0,0,0,0,0,0,0,0,0,0,0,0,0,0,0,0,1,0,0,0,0,0,0,0,0,0,0,0,1,0,0,0,0,0,1,0,0,0,0,0,0,0,0,0,0,0,0,0,0,1,0,0,0,0,0,0,0
56,187673,0,1,http,www.artfact.com,/auction-lot/mortimer-borne-figure-with-horse-watercolor-on-1-c-3c585cfed9,,,,80,,,,,,0,0,0,0,0,0,0,1,0,0,0,0,0,0,0,2,0,4,0,0,0,0,0,0,0,0,0,10,0,0,0,0,0,0,96,0,com,15,74,0,0,0,,,,,,,,,,,,,0,1,0,0,0,0,0,0,0,0,0,0,0,0,0,0,0,0,0,0,0,0,0,0,0,0,0,0,0,0,0,0,0,0,0,0,0,0,0,0,0,0,0,0,0,0,0,0,0,0,0,0,0,0,0,0,0,0,0,0,0,0,0,0,0,0,0,0,0,0,0,0
376,285391,1,0,http,120.59.120.168:57220,/i,,,,57220,120,59,120,168,120.59.120.168,0,0,0,0,0,0,0,2,0,0,0,0,0,0,0,3,0,3,0,0,0,0,0,0,0,0,0,0,0,0,0,0,0,0,29,0,0,20,2,0,0,0,apnic,17813,IN,2008/3/19,IN,,,,,,,,0,0,0,0,0,0,0,0,0,0,0,0,0,0,0,0,0,0,0,0,0,0,0,0,0,0,0,0,0,0,0,0,0,0,0,0,0,0,0,0,0,1,0,0,0,0,0,0,0,0,0,0,1,0,0,0,0,0,0,0,0,0,0,0,0,0,0,0,0,0,0,0
178,233607,0,1,https,www.facebook.com,/pages/Kevin-R-Maze-WISP-Release/180372785344346,,,,443,157,240,1,35,157.240.1.35,0,0,0,0,0,0,0,1,0,0,0,0,0,0,0,2,0,5,0,0,0,0,0,0,0,0,0,4,0,0,0,0,0,0,72,1,com,16,48,0,0,0,arin,32934,US,2015/5/14,US,200,FALSE,0,"Sat, 01 Jan 2000 00:00:00 GMT",0,"text/html; charset=""utf-8""",0,0,1,0,0,0,0,0,0,0,0,0,0,0,0,0,0,0,0,0,0,0,0,0,0,0,0,0,0,0,0,0,0,0,0,0,0,0,0,0,0,0,0,0,0,0,1,0,0,0,0,0,0,0,0,0,0,1,0,0,0,0,0,1,0,0,0,0,0,0,0,0,0
163,316280,0,1,https,www.patrickmcmullan.com,/site/event_detail.aspx,,eid=34024,,443,54,226,204,89,54.226.204.89,0,0,0,0,0,0,0,1,0,0,0,0,0,0,0,3,1,4,0,0,0,0,0,0,0,0,0,0,1,0,1,0,0,0,64,1,com,23,23,0,9,0,arin,14618,US,2012/3/1,US,200,FALSE,nginx/1.16.1,0,0,text/html; charset=utf-8,Express,0,1,0,0,0,0,0,0,0,0,0,0,0,0,0,0,0,0,0,0,0,0,0,0,0,0,0,0,0,0,0,0,1,0,0,0,0,0,0,0,0,0,0,0,0,1,0,0,0,0,0,0,0,0,0,0,1,0,0,0,0,0,1,0,0,0,1,0,0,0,0,0
380,911857,1,0,http,219.157.245.160:34533,/i,,,,34533,219,157,245,160,219.157.245.160,0,0,0,0,0,0,0,1,0,0,0,0,0,0,0,3,0,3,0,0,0,0,0,0,0,0,0,0,0,0,0,0,0,0,22,0,0,21,2,0,0,0,apnic,4837,CN,2002/3/21,CN,,,,,,,,0,0,0,0,0,0,0,0,0,0,0,0,0,0,0,0,0,0,0,0,0,0,0,0,0,0,0,0,0,0,0,0,0,0,0,0,0,1,0,0,0,0,0,0,0,0,0,0,1,0,0,0,0,0,0,0,0,0,0,0,0,0,0,0,0,0,0,0,0,0,0,0
77,315922,0,1,https,www.parcjeandrapeau.com,/24-Beach-montreal-attraction.html,,,,443,45,61,0,234,45.61.0.234,0,0,0,0,0,0,0,1,0,0,0,0,0,0,0,3,0,3,0,0,0,0,0,0,0,0,0,3,0,0,0,0,0,0,65,1,com,23,34,0,0,0,arin,22652,CA,2015/1/2,CA,200,FALSE,Microsoft-IIS/8.5,0,0,text/html;charset=UTF-8,ASP.NET,0,1,0,0,0,0,0,0,0,0,0,0,0,0,0,0,0,0,0,0,0,0,0,1,0,0,0,0,0,0,0,0,0,0,0,0,1,0,0,0,0,0,0,0,0,0,0,1,0,0,0,0,0,0,0,0,0,0,0,0,0,0,1,0,0,1,0,0,0,0,0,0
252,794120,1,0,http,45.43.18.171,/bins/GOGOGOTele.spc,,,,80,45,43,18,171,45.43.18.171,0,0,0,0,0,0,0,1,0,0,0,0,0,0,0,4,0,4,0,0,0,0,0,0,0,0,0,0,0,0,0,0,0,0,39,0,0,12,20,0,0,0,arin,397423,US,2015/3/26,US,,,,,,,,0,0,0,0,0,0,0,0,0,0,0,0,0,0,0,0,0,0,0,0,0,0,0,0,0,0,0,0,0,0,0,0,0,0,0,0,0,0,0,0,0,0,0,0,0,1,0,0,0,0,0,0,0,0,0,0,1,0,0,0,0,0,1,0,0,0,0,0,0,0,0,0
204,233039,1,1,https,effect-print.net,/secure/index.php,,,,443,78,128,8,27,78.128.8.27,0,0,0,0,0,0,0,1,0,0,0,0,0,0,0,2,0,4,0,0,0,0,0,0,0,0,0,1,0,0,0,0,0,0,41,1,net,16,17,0,0,0,ripencc,31083,BG,2007/4/5,BG,200,FALSE,Apache,"Thu, 19 Nov 1981 08:52:00 GMT",9935,text/html; charset=UTF-8,PHP/5.6.40,0,0,0,0,0,0,0,1,0,0,0,0,0,0,1,0,0,0,0,0,0,0,0,0,0,0,0,0,0,0,0,0,0,0,1,0,0,0,0,0,0,0,0,0,0,0,1,0,0,0,0,0,0,0,0,0,0,0,0,0,0,0,0,0,1,0,0,0,1,0,0,0
328,5845,1,0,http,182.119.95.157:54687,/Mozi.m,,,,54687,182,119,95,157,182.119.95.157,0,0,0,0,0,0,0,1,0,0,0,0,0,0,0,4,0,3,0,0,0,0,0,0,0,0,0,0,0,0,0,0,0,0,27,0,0,20,7,0,0,0,apnic,4837,CN,2010/3/2,CN,,,,,,,,0,0,0,0,0,0,0,0,0,0,0,0,0,0,0,0,0,0,0,0,0,0,0,0,0,0,0,0,0,0,0,0,0,0,0,0,0,1,0,0,0,0,0,0,0,0,0,0,1,0,0,0,0,0,0,0,0,0,0,0,0,0,0,0,0,0,0,0,0,0,0,0
45,147535,0,1,http,www.stopdogbehaviorproblems.blogspot.com,/,,,,80,142,250,178,1,142.250.178.1,0,0,0,0,0,0,0,1,0,0,0,0,0,0,0,3,0,3,0,0,0,0,0,0,0,0,0,0,0,0,0,0,0,0,48,0,com,40,1,0,0,0,arin,15169,US,2012/5/24,US,200,FALSE,GSE,"Tue, 16 Mar 2021 10:12:40 GMT",14741,text/html; charset=UTF-8,0,0,1,0,0,0,0,0,0,0,0,0,0,0,0,0,0,0,0,0,0,1,0,0,0,0,0,0,0,0,0,0,0,0,0,0,0,0,0,0,0,0,0,0,0,0,1,0,0,0,0,0,0,0,0,0,0,1,0,0,0,0,0,1,0,0,0,0,0,0,0,0,0
162,171158,0,1,http,www.absoluteastronomy.com,/topics/Berri-UQAM_(Montreal_Metro),,,,80,216,55,179,243,216.55.179.243,0,0,0,0,1,1,0,1,0,0,0,0,0,0,0,2,0,4,0,0,0,0,0,0,0,0,0,1,2,0,0,0,0,0,67,0,com,25,35,0,0,0,arin,18501,US,1999/5/28,US,200,FALSE,Microsoft-IIS/8.5,0,42333,text/html; charset=utf-8,ASP.NET,0,1,0,0,0,0,0,0,0,0,0,0,0,0,0,0,0,0,0,0,0,0,0,1,0,0,0,0,0,0,0,0,0,0,0,0,0,0,0,0,0,0,0,0,0,1,0,0,0,0,0,0,0,0,0,0,1,0,0,0,0,0,1,0,0,1,0,0,0,0,0,0
30,289679,0,1,https,www.matkurja.com,/en/directory/organizations/M/,,,,443,,,,,,0,0,0,0,0,0,0,1,0,0,0,0,0,0,0,2,0,7,0,0,0,0,0,0,0,0,0,0,0,0,0,0,0,0,54,1,com,16,30,0,0,0,,,,,,200,FALSE,NginX,"Mon, 26 Jul 1997 05:00:00 GMT",0,text/html; charset=UTF-8,0,0,1,0,0,0,0,0,0,0,0,0,0,0,0,0,0,0,0,0,0,0,0,0,0,0,1,0,0,0,0,0,0,0,0,0,0,0,0,0,0,0,0,0,0,0,0,0,0,0,0,0,0,0,0,0,0,0,0,0,0,0,0,0,0,0,0,0,0,0,0,0,0
265,123300,1,1,http,starlitebaby.com,/xls/case_616.xls,,,,80,107,154,84,76,107.154.84.76,0,0,0,0,0,0,0,1,0,0,0,0,0,0,0,2,0,4,0,0,0,0,0,0,0,0,0,0,1,0,0,0,0,0,40,0,com,16,17,0,0,0,arin,19551,US,2013/12/2,US,503,FALSE,0,0,679,text/html,0,0,1,0,0,0,0,0,0,0,0,0,0,0,0,0,0,0,0,0,0,0,0,0,0,0,0,0,0,0,0,0,0,0,0,0,0,0,0,0,0,0,0,0,0,0,1,0,0,0,0,0,0,0,0,0,0,1,0,0,0,1,0,1,0,0,0,0,0,0,0,0,0
10,90339,0,1,http,www.familytreemaker.genealogy.com,/users/b/l/a/Robert-R-Blair-ON/GENE11-0009.html,,,,80,,,,,,0,0,0,0,0,0,0,1,0,0,0,0,0,0,0,4,0,8,0,0,0,0,0,0,0,0,0,4,0,0,0,0,0,0,87,0,com,33,47,0,0,0,,,,,,200,FALSE,0,0,23089,text/html;charset=utf-8,0,0,1,0,0,0,0,0,0,0,0,0,0,0,0,0,0,0,0,0,0,0,0,0,0,0,0,0,0,0,0,0,0,0,0,0,0,0,0,0,0,0,0,0,0,0,0,0,0,0,0,0,0,0,0,0,0,0,0,0,0,0,0,0,0,0,0,0,0,0,0,0,0
136,507,0,1,http,www.ivc.edu,/,,,,80,,,,,,0,0,0,0,0,0,0,1,0,0,0,0,0,0,0,2,0,3,0,0,0,0,0,0,0,0,0,0,0,0,0,0,0,0,19,0,edu,11,1,0,0,0,,,,,,200,FALSE,Microsoft-IIS/7.5,"Mon, 01 Mar 2021 11:12:43 GMT",23489,text/html; charset=utf-8,ASP.NET,0,0,0,1,0,0,0,0,0,0,0,0,0,0,0,0,0,0,0,0,0,0,1,0,0,0,0,0,0,0,0,0,0,0,0,0,0,0,0,0,0,0,0,0,0,0,0,0,0,0,0,0,0,0,0,0,0,0,0,0,0,0,0,0,0,1,0,0,0,0,0,0
263,525993,1,1,http,starlitebaby.com,/xls/case7611.xls,,,,80,107,154,84,76,107.154.84.76,0,0,0,0,0,0,0,1,0,0,0,0,0,0,0,2,0,4,0,0,0,0,0,0,0,0,0,0,0,0,0,0,0,0,40,0,com,16,17,0,0,0,arin,19551,US,2013/12/2,US,503,FALSE,0,0,681,text/html,0,0,1,0,0,0,0,0,0,0,0,0,0,0,0,0,0,0,0,0,0,0,0,0,0,0,0,0,0,0,0,0,0,0,0,0,0,0,0,0,0,0,0,0,0,0,1,0,0,0,0,0,0,0,0,0,0,1,0,0,0,1,0,1,0,0,0,0,0,0,0,0,0
26,336683,0,1,https,www.snagajob.com,/jobs,,t=teen&s=california&l=san+leandro,,443,,,,,,0,0,0,0,0,0,0,1,0,0,0,0,0,0,0,2,1,3,0,0,0,0,0,0,0,2,0,0,0,1,3,0,0,0,63,1,com,16,5,0,33,0,,,,,,404,FALSE,cloudflare,0,0,text/html; charset=utf-8,0,0,1,0,0,0,0,0,0,0,0,0,0,0,0,0,0,0,0,0,0,0,0,0,0,0,0,0,0,0,1,0,0,0,0,0,0,0,0,0,0,0,0,0,0,0,0,0,0,0,0,0,0,0,0,0,0,0,0,1,0,0,0,0,0,0,0,0,0,0,0,0,0
359,95013,1,0,http,42.238.60.24:35142,/Mozi.m,,,,35142,42,238,60,24,42.238.60.24,0,0,0,0,0,0,0,1,0,0,0,0,0,0,0,4,0,3,0,0,0,0,0,0,0,0,0,0,0,0,0,0,0,0,27,0,0,18,7,0,0,0,apnic,4837,CN,2011/2/17,CN,,,,,,,,0,0,0,0,0,0,0,0,0,0,0,0,0,0,0,0,0,0,0,0,0,0,0,0,0,0,0,0,0,0,0,0,0,0,0,0,0,1,0,0,0,0,0,0,0,0,0,0,1,0,0,0,0,0,0,0,0,0,0,0,0,0,0,0,0,0,0,0,0,0,0,0
303,35202,1,1,http,www.dejeunerlivre.fr,/skin/dropBOX/db,,,,80,,,,,,0,0,0,0,0,0,0,1,0,0,0,0,0,0,0,2,0,5,0,0,0,0,0,0,0,0,0,0,0,0,0,0,0,0,43,0,fr,20,16,0,0,0,,,,,,,,,,,,,0,0,0,0,1,0,0,0,0,0,0,0,0,0,0,0,0,0,0,0,0,0,0,0,0,0,0,0,0,0,0,0,0,0,0,0,0,0,0,0,0,0,0,0,0,0,0,0,0,0,0,0,0,0,0,0,0,0,0,0,0,0,0,0,0,0,0,0,0,0,0,0
275,594029,1,0,http,200.53.28.4:19942,/.i,,,,19942,200,53,28,4,200.53.28.4,0,0,0,0,0,0,0,1,0,0,0,0,0,0,0,4,0,3,0,0,0,0,0,0,0,0,0,3,0,0,0,0,0,0,39,0,0,17,3,0,0,0,lacnic,262391,BR,2014/6/3,,,,,,,,,0,0,0,0,0,0,0,0,0,0,0,0,0,0,0,0,0,0,0,0,0,0,0,0,0,0,0,0,0,0,0,0,0,0,0,1,0,0,0,0,0,0,0,0,0,0,0,0,0,0,0,0,0,0,0,0,0,0,0,0,0,0,0,1,0,0,0,0,0,0,0,0
285,251269,1,0,http,221.15.127.213:33125,/Mozi.m,,,,33125,221,15,127,213,221.15.127.213,0,0,0,0,0,0,0,1,0,0,0,0,0,0,0,4,0,3,0,0,0,0,0,0,0,0,0,0,0,0,0,0,0,0,27,0,0,20,7,0,0,0,apnic,4837,CN,2003/6/11,CN,,,,,,,,0,0,0,0,0,0,0,0,0,0,0,0,0,0,0,0,0,0,0,0,0,0,0,0,0,0,0,0,0,0,0,0,0,0,0,0,0,1,0,0,0,0,0,0,0,0,0,0,1,0,0,0,0,0,0,0,0,0,0,0,0,0,0,0,0,0,0,0,0,0,0,0
185,327196,0,1,https,www.rhino.com,/anthony-hamilton-soulife,,,,443,92,123,187,63,92.123.187.63,0,0,0,0,0,0,0,1,0,0,0,0,0,0,0,2,0,3,0,0,0,0,0,0,0,0,0,2,0,0,0,0,0,0,46,1,com,13,25,0,0,0,ripencc,16625,NL,2007/11/13,EU,404,FALSE,nginx,"Tue, 16 Mar 2021 10:12:57 GMT",64220,text/html; charset=UTF-8,0,0,1,0,0,0,0,0,0,0,0,0,0,0,0,0,0,0,0,0,0,0,0,0,0,0,0,0,0,0,0,0,1,0,0,0,0,0,0,0,0,0,0,0,1,0,0,0,0,0,1,0,0,0,0,0,0,0,0,1,0,0,0,0,0,1,0,0,0,0,0,0,0
182,105854,0,1,http,www.itunes.apple.com,/us/album/the-dana-owens-album/id23915121,,,,80,,,,,,0,0,0,0,0,0,0,1,0,0,0,0,0,0,0,3,0,6,0,0,0,0,0,0,0,0,0,3,0,0,0,0,0,0,68,0,com,20,41,0,0,0,,,,,,,,,,,,,0,1,0,0,0,0,0,0,0,0,0,0,0,0,0,0,0,0,0,0,0,0,0,0,0,0,0,0,0,0,0,0,0,0,0,0,0,0,0,0,0,0,0,0,0,0,0,0,0,0,0,0,0,0,0,0,0,0,0,0,0,0,0,0,0,0,0,0,0,0,0,0
125,8385,0,1,http,www.aku.edu,/,,,,80,,,,,,0,0,0,0,0,0,0,1,0,0,0,0,0,0,0,2,0,3,0,0,0,0,0,0,0,0,0,0,0,0,0,0,0,0,19,0,edu,11,1,0,0,0,,,,,,200,FALSE,Microsoft-IIS/10.0,"Mon, 01 Mar 2021 10:12:57 GMT",181172,text/html; charset=utf-8,ASP.NET,0,0,0,1,0,0,0,0,0,0,0,0,0,0,0,0,0,0,0,0,0,1,0,0,0,0,0,0,0,0,0,0,0,0,0,0,0,0,0,0,0,0,0,0,0,0,0,0,0,0,0,0,0,0,0,0,0,0,0,0,0,0,0,0,0,1,0,0,0,0,0,0
6,334422,0,1,http,www.shirazdatta.com,/,,,,80,,,,,,0,0,0,0,0,0,0,1,0,0,0,0,0,0,0,2,0,3,0,0,0,0,0,0,0,0,0,0,0,0,0,0,0,0,27,0,com,19,1,0,0,0,,,,,,200,FALSE,nginx,0,0,text/html; charset=utf-8,0,0,1,0,0,0,0,0,0,0,0,0,0,0,0,0,0,0,0,0,0,0,0,0,0,0,0,0,0,0,0,0,1,0,0,0,0,0,0,0,0,0,0,0,0,0,0,0,0,0,0,0,0,0,0,0,0,0,0,0,0,0,0,0,0,0,0,0,0,0,0,0,0
117,309018,0,1,https,www.niagararegion.ca,/government/hr/careers.aspx,,,,443,,,,,,0,0,0,0,0,0,0,1,0,0,0,0,0,0,0,3,0,5,0,0,0,0,0,0,0,0,0,0,0,0,0,0,0,0,55,1,ca,20,27,0,0,0,,,,,,200,FALSE,NR_WEB,0,12835,text/html; charset=utf-8,0,1,0,0,0,0,0,0,0,0,0,0,0,0,0,0,0,0,0,0,0,0,0,0,0,1,0,0,0,0,0,0,0,0,0,0,0,0,0,0,0,0,0,0,0,0,0,0,0,0,0,0,0,0,0,0,0,0,0,0,0,0,0,0,0,0,0,0,0,0,0,0,0
319,362268,1,0,http,172.36.15.248:41189,/Mozi.m,,,,41189,172,36,15,248,172.36.15.248,0,0,0,0,0,0,0,2,0,0,0,0,0,0,0,4,0,3,0,0,0,0,0,0,0,0,0,0,0,0,0,0,0,0,33,0,0,19,7,0,0,0,arin,21928,US,2012/9/18,US,,,,,,,,0,0,0,0,0,0,0,0,0,0,0,0,0,0,0,0,0,0,0,0,0,0,0,0,0,0,0,0,0,0,0,0,0,0,0,0,0,0,0,0,0,0,0,0,0,1,0,0,0,0,0,0,0,0,0,0,1,0,0,0,0,0,1,0,0,0,0,0,0,0,0,0
310,475461,1,1,http,storage.googleapis.com,/falconx/x/04/ayt3ese4xw9819.dll.zip.log,,,,80,216,58,212,240,216.58.212.240,0,0,0,0,0,0,0,1,0,0,0,0,0,0,0,5,0,6,0,0,0,0,0,0,0,0,0,0,0,0,0,0,0,0,69,0,com,22,40,0,0,0,arin,15169,US,2012/1/27,US,404,FALSE,UploadServer,"Tue, 16 Mar 2021 10:13:05 GMT",133,application/xml; charset=UTF-8,0,0,1,0,0,0,0,0,0,0,0,0,0,0,0,0,0,0,0,0,0,0,0,0,0,0,0,0,1,0,0,0,0,0,0,0,0,0,0,0,0,0,0,0,0,0,1,0,0,0,0,0,0,0,0,0,0,1,0,1,0,0,0,1,0,0,0,0,0,0,0,0,0
103,361786,0,1,https,www.valpo.edu,/law/faculty/mstraubel/,,,,443,152,228,34,68,152.228.34.68,0,0,0,0,0,0,0,1,0,0,0,0,0,0,0,2,0,6,0,0,0,0,0,0,0,0,0,0,0,0,0,0,0,0,44,1,edu,13,23,0,0,0,arin,1767,US,1991/9/30,US,200,FALSE,Apache/2.4.29 (Ubuntu),"Tue, 16 Mar 2021 10:49:29 GMT",13191,text/html; charset=UTF-8,W3 Total Cache/0.11.0,0,0,0,1,0,0,0,0,0,0,0,0,0,0,0,1,0,0,0,0,0,0,0,0,0,0,0,0,0,0,0,0,0,0,0,0,0,0,0,0,0,0,0,0,0,1,0,0,0,0,0,0,0,0,0,0,1,0,0,0,0,0,1,0,0,0,0,0,0,0,1,0
377,845553,1,0,http,178.175.33.54:39365,/Mozi.m,,,,39365,178,175,33,54,178.175.33.54,0,0,0,0,0,0,0,2,0,0,0,0,0,0,0,4,0,3,0,0,0,0,0,0,0,0,0,0,0,0,0,0,0,0,33,0,0,19,7,0,0,0,ripencc,8661,AL,2010/4/27,AL,,,,,,,,0,0,0,0,0,0,0,0,0,0,0,0,0,0,0,0,0,0,0,0,0,0,0,0,0,0,0,0,0,0,0,0,0,0,0,0,0,0,0,0,0,0,0,0,0,0,0,0,0,0,0,0,0,0,0,0,0,0,0,0,0,0,0,0,1,0,0,0,0,0,0,0
49,178205,0,1,https,www.amazon.com,/Blow-This-Place-Up-Explicit/dp/B000QWEZJE,,,,443,23,43,17,196,23.43.17.196,0,0,0,0,0,0,0,1,0,0,0,0,0,0,0,2,0,5,0,0,0,0,0,0,0,0,0,4,0,0,0,0,0,0,64,1,com,14,42,0,0,0,arin,16625,US,2011/5/16,US,503,FALSE,Server,0,1203,text/html,0,0,1,0,0,0,0,0,0,0,0,0,0,0,0,0,0,0,0,0,0,0,0,0,0,0,0,1,0,0,0,0,0,0,0,0,0,0,0,0,0,0,0,0,0,0,1,0,0,0,0,0,0,0,0,0,0,1,0,0,0,1,0,1,0,0,0,0,0,0,0,0,0
112,325246,0,1,https,www.redtube.com,/52289,,,,443,66,254,114,238,66.254.114.238,0,0,0,0,0,0,0,1,0,0,0,0,0,0,0,2,0,3,0,0,0,0,0,0,0,0,0,0,0,0,0,0,0,0,29,1,com,15,6,0,0,0,arin,2978930361,US,2003/9/5,US,200,FALSE,openresty,0,0,text/html; charset=UTF-8,0,0,1,0,0,0,0,0,0,0,0,0,0,0,0,0,0,0,0,0,0,0,0,0,0,0,0,0,0,0,0,0,0,0,1,0,0,0,0,0,0,0,0,0,0,0,1,0,0,0,0,0,0,0,0,0,0,1,0,0,0,0,0,1,0,0,0,0,0,0,0,0,0
180,57017,0,1,http,www.breadnbricks.com,/are/meaghan-rath.html,,,,80,69,163,216,52,69.163.216.52,0,0,0,0,0,0,0,1,0,0,0,0,0,0,0,3,0,4,0,0,0,0,0,0,0,0,0,1,0,0,0,0,0,0,49,0,com,20,22,0,0,0,arin,26347,US,2009/3/27,US,404,FALSE,Apache,0,315,text/html; charset=iso-8859-1,0,0,1,0,0,0,0,0,0,0,0,0,0,0,0,1,0,0,0,0,0,0,0,0,0,0,0,0,0,0,0,0,0,0,0,0,0,0,0,0,0,0,0,0,0,0,1,0,0,0,0,0,0,0,0,0,0,1,0,1,0,0,0,1,0,0,0,0,0,0,0,0,0
329,39765,1,1,http,www.cpc.cx,/cA9,,,,80,217,70,182,166,217.70.182.166,0,0,0,0,0,0,0,1,0,0,0,0,0,0,0,2,0,3,0,0,0,0,0,0,0,0,0,0,0,0,0,0,0,0,21,0,cx,10,4,0,0,0,ripencc,29169,FR,2003/7/31,FR,200,FALSE,mw1391.eqiad.wmnet,0,84983,text/html; charset=UTF-8,0,0,0,1,0,0,0,0,0,0,0,0,0,0,0,0,0,0,0,0,0,0,0,0,0,0,0,0,0,0,0,1,0,0,0,0,0,0,0,0,1,0,0,0,0,0,0,0,0,0,0,1,0,0,0,0,0,0,0,0,0,0,0,0,0,1,0,0,0,0,0,0,0
219,454931,1,0,http,222.137.33.46:34352,/i,,,,34352,222,137,33,46,222.137.33.46,0,0,0,0,0,0,0,1,0,0,0,0,0,0,0,3,0,3,0,0,0,0,0,0,0,0,0,0,0,0,0,0,0,0,22,0,0,19,2,0,0,0,apnic,4837,CN,2003/12/9,CN,,,,,,,,0,0,0,0,0,0,0,0,0,0,0,0,0,0,0,0,0,0,0,0,0,0,0,0,0,0,0,0,0,0,0,0,0,0,0,0,0,1,0,0,0,0,0,0,0,0,0,0,1,0,0,0,0,0,0,0,0,0,0,0,0,0,0,0,0,0,0,0,0,0,0,0
223,327718,1,0,http,59.177.37.1:51607,/Mozi.m,,,,51607,59,177,37,1,59.177.37.1,0,0,0,0,0,0,0,1,0,0,0,0,0,0,0,7,0,3,0,0,0,0,0,0,0,0,0,2,0,0,0,0,0,0,48,0,0,17,7,0,0,0,apnic,17813,IN,2004/11/30,IN,,,,,,,,0,0,0,0,0,0,0,0,0,0,0,0,0,0,0,0,0,0,0,0,0,0,0,0,0,0,0,0,0,0,0,0,0,0,0,0,0,0,0,0,0,1,0,0,0,0,0,0,0,0,0,0,1,0,0,0,0,0,0,0,0,0,0,0,0,0,0,0,0,0,0,0
332,319700,1,1,https,cdn.discordapp.com,/attachments/552239345160159246/552239551981158400/Scanned_from_a_ero_MultiFunction_Printer.pdf.zip,,,,443,,,,,,0,0,0,0,0,0,0,1,0,0,0,0,0,0,0,4,0,6,0,0,0,0,0,0,0,0,0,0,5,0,0,0,0,0,125,1,com,18,99,0,0,0,,,,,,403,FALSE,cloudflare,"Tue, 16 Mar 2021 10:13:13 GMT",0,application/xml; charset=UTF-8,0,0,1,0,0,0,0,0,0,0,0,0,0,0,0,0,0,0,0,0,0,0,0,0,0,0,0,0,0,0,1,0,0,0,0,0,0,0,0,0,0,0,0,0,0,0,0,0,0,0,0,0,0,0,0,0,0,0,1,0,0,0,0,0,0,0,0,0,0,0,0,0,0
344,786578,1,0,http,106.0.58.65:57594,/Mozi.m,,,,57594,106,0,58,65,106.0.58.65,0,0,0,0,0,0,0,2,0,0,0,0,0,0,0,4,0,3,0,0,0,0,0,0,0,0,0,0,0,0,0,0,0,0,31,0,0,17,7,0,0,0,apnic,135031,IN,2016/1/15,IN,,,,,,,,0,0,0,0,0,0,0,0,0,0,0,0,0,0,0,0,0,0,0,0,0,0,0,0,0,0,0,0,0,0,0,0,0,0,0,0,0,0,0,0,0,1,0,0,0,0,0,0,0,0,0,0,1,0,0,0,0,0,0,0,0,0,0,0,0,0,0,0,0,0,0,0
390,932671,1,1,https,playthefinancialgame.com,/createfoldernow/2220a01938abgs.exe,,,,443,205,134,239,254,205.134.239.254,0,0,0,0,0,0,0,1,0,0,0,0,0,0,0,2,0,4,0,0,0,0,0,0,0,0,0,0,0,0,0,0,0,0,67,1,com,24,35,0,0,0,arin,22611,US,2005/4/19,US,404,FALSE,Apache,0,0,text/html,0,0,1,0,0,0,0,0,0,0,0,0,0,0,0,1,0,0,0,0,0,0,0,0,0,0,0,0,0,0,0,0,0,0,0,0,0,0,0,0,0,0,0,0,0,0,1,0,0,0,0,0,0,0,0,0,0,1,0,1,0,0,0,1,0,0,0,0,0,0,0,0,0
198,58869,0,1,http,www.ca.linkedin.com,/pub/jean-lapierre/2/149/48a,,,,80,,,,,,0,0,0,0,0,0,0,1,0,0,0,0,0,0,0,3,0,7,0,0,0,0,0,0,0,0,0,1,0,0,0,0,0,0,54,0,com,19,28,0,0,0,,,,,,,,,,,,,0,1,0,0,0,0,0,0,0,0,0,0,0,0,0,0,0,0,0,0,0,0,0,0,0,0,0,0,0,0,0,0,0,0,0,0,0,0,0,0,0,0,0,0,0,0,0,0,0,0,0,0,0,0,0,0,0,0,0,0,0,0,0,0,0,0,0,0,0,0,0,0
165,247945,0,1,https,www.galtmacdermot.com,/,,,,443,198,12,221,63,198.12.221.63,0,0,0,0,0,0,0,1,0,0,0,0,0,0,0,2,0,3,0,0,0,0,0,0,0,0,0,0,0,0,0,0,0,0,30,1,com,21,1,0,0,0,arin,26496,US,2013/4/5,US,200,FALSE,Apache,0,2659,text/html,0,0,1,0,0,0,0,0,0,0,0,0,0,0,0,1,0,0,0,0,0,0,0,0,0,0,0,0,0,0,0,0,0,0,0,0,0,0,0,0,0,0,0,0,0,0,1,0,0,0,0,0,0,0,0,0,0,1,0,0,0,0,0,1,0,0,0,0,0,0,0,0,0
266,11044,1,1,http,www.paypal.com-websapploginss.com,/webapps/746d7/websrc,,,,80,,,,,,0,0,0,0,0,0,0,1,0,0,0,0,0,0,0,3,0,5,0,0,0,0,0,0,0,0,0,1,0,0,0,0,0,0,61,0,com,33,21,0,0,0,,,,,,,,,,,,,0,1,0,0,0,0,0,0,0,0,0,0,0,0,0,0,0,0,0,0,0,0,0,0,0,0,0,0,0,0,0,0,0,0,0,0,0,0,0,0,0,0,0,0,0,0,0,0,0,0,0,0,0,0,0,0,0,0,0,0,0,0,0,0,0,0,0,0,0,0,0,0
308,311522,1,0,http,104.168.175.19,/bins/Hilix.arm7,,,,80,104,168,175,19,104.168.175.19,0,0,0,0,0,0,0,1,0,0,0,0,0,0,0,3,0,4,0,0,0,0,0,0,0,0,0,1,0,0,0,0,0,0,52,0,0,14,16,0,0,0,arin,54290,US,2014/9/3,US,,,,,,,,0,0,0,0,0,0,0,0,0,0,0,0,0,0,0,0,0,0,0,0,0,0,0,0,0,0,0,0,0,0,0,0,0,0,0,0,0,0,0,0,0,0,0,0,0,1,0,0,0,0,0,0,0,0,0,0,1,0,0,0,0,0,1,0,0,0,0,0,0,0,0,0
239,114070,1,0,http,203.212.230.89:52396,/i,,,,52396,203,212,230,89,203.212.230.89,0,0,0,0,0,0,0,2,0,0,0,0,0,0,0,3,0,3,0,0,0,0,0,0,0,0,0,0,0,0,0,0,0,0,29,0,0,20,2,0,0,0,apnic,17488,IN,2004/8/2,IN,,,,,,,,0,0,0,0,0,0,0,0,0,0,0,0,0,0,0,0,0,0,0,0,0,0,0,0,0,0,0,0,0,0,0,0,0,0,0,0,0,0,0,0,0,1,0,0,0,0,0,0,0,0,0,0,1,0,0,0,0,0,0,0,0,0,0,0,0,0,0,0,0,0,0,0
159,43898,0,1,http,www.academic.research.microsoft.com,/Author/1016052/daniel-diaz,,,,80,,,,,,0,0,0,0,0,0,0,1,0,0,0,0,0,0,0,4,0,5,0,0,0,0,0,0,0,0,0,1,0,0,0,0,0,0,69,0,com,35,27,0,0,0,,,,,,,,,,,,,0,1,0,0,0,0,0,0,0,0,0,0,0,0,0,0,0,0,0,0,0,0,0,0,0,0,0,0,0,0,0,0,0,0,0,0,0,0,0,0,0,0,0,0,0,0,0,0,0,0,0,0,0,0,0,0,0,0,0,0,0,0,0,0,0,0,0,0,0,0,0,0
249,928107,1,0,http,79.143.25.235,/lmaoWTF/loligang.ppc,,,,80,79,143,25,235,79.143.25.235,0,0,0,0,0,0,0,1,0,0,0,0,0,0,0,4,0,4,0,0,0,0,0,0,0,0,0,0,0,0,0,0,0,0,41,0,0,13,21,0,0,0,ripencc,50340,RU,2007/11/20,RU,,,,,,,,0,0,0,0,0,0,0,0,0,0,0,0,0,0,0,0,0,0,0,0,0,0,0,0,0,0,0,0,0,0,0,0,0,0,0,0,0,0,0,0,0,0,0,0,1,0,0,0,0,0,0,0,0,0,0,1,0,0,0,0,0,0,0,0,1,0,0,0,0,0,0,0
290,347014,1,0,http,182.114.124.72:33056,/i,,,,33056,182,114,124,72,182.114.124.72,0,0,0,0,0,0,0,1,0,0,0,0,0,0,0,3,0,3,0,0,0,0,0,0,0,0,0,0,0,0,0,0,0,0,22,0,0,20,2,0,0,0,apnic,4837,CN,2010/3/2,CN,,,,,,,,0,0,0,0,0,0,0,0,0,0,0,0,0,0,0,0,0,0,0,0,0,0,0,0,0,0,0,0,0,0,0,0,0,0,0,0,0,1,0,0,0,0,0,0,0,0,0,0,1,0,0,0,0,0,0,0,0,0,0,0,0,0,0,0,0,0,0,0,0,0,0,0
24,59447,0,1,http,www.ca.sports.yahoo.com,/nba/news,,slug=ycn-8332241,,80,,,,,,0,0,0,0,0,0,0,1,0,0,0,0,0,0,0,4,1,4,0,0,0,0,0,0,0,0,0,1,0,0,1,0,0,0,56,0,com,23,9,0,16,0,,,,,,,,,,,,,0,1,0,0,0,0,0,0,0,0,0,0,0,0,0,0,0,0,0,0,0,0,0,0,0,0,0,0,0,0,0,0,0,0,0,0,0,0,0,0,0,0,0,0,0,0,0,0,0,0,0,0,0,0,0,0,0,0,0,0,0,0,0,0,0,0,0,0,0,0,0,0
293,681825,1,0,http,115.99.232.128:47896,/Mozi.m,,,,47896,115,99,232,128,115.99.232.128,0,0,0,0,0,0,0,2,0,0,0,0,0,0,0,4,0,3,0,0,0,0,0,0,0,0,0,0,0,0,0,0,0,0,34,0,0,20,7,0,0,0,apnic,17488,IN,2008/7/25,IN,,,,,,,,0,0,0,0,0,0,0,0,0,0,0,0,0,0,0,0,0,0,0,0,0,0,0,0,0,0,0,0,0,0,0,0,0,0,0,0,0,0,0,0,0,1,0,0,0,0,0,0,0,0,0,0,1,0,0,0,0,0,0,0,0,0,0,0,0,0,0,0,0,0,0,0
74,68613,0,1,http,www.dhavernas.ucoz.ru,/,,,,80,195,216,243,102,195.216.243.102,0,0,0,0,0,0,0,1,0,0,0,0,0,0,0,3,0,3,0,0,0,0,0,0,0,0,0,0,0,0,0,0,0,0,29,0,ru,21,1,0,0,0,ripencc,57724,CY,2008/5/16,RU,200,FALSE,nginx,0,0,text/html; charset=UTF-8,0,0,0,0,0,0,0,0,0,0,0,1,0,0,0,0,0,0,0,0,0,0,0,0,0,0,0,0,0,0,0,0,1,0,0,0,0,0,0,1,0,0,0,0,0,0,0,0,0,0,0,0,0,0,0,0,1,0,0,0,0,0,0,0,0,1,0,0,0,0,0,0,0
120,3702,0,1,https,www.adevarul.ro,,,,,443,,,,,,0,0,0,0,0,0,0,1,0,0,0,0,0,0,0,2,0,2,0,0,0,0,0,0,0,0,0,0,0,0,0,0,0,0,23,1,ro,15,0,0,0,0,,,,,,200,FALSE,nginx,"Thu, 19 Nov 1981 08:52:00 GMT",79787,text/html; charset=utf-8,science!,0,0,0,0,0,0,0,0,0,1,0,0,0,0,0,0,0,0,0,0,0,0,0,0,0,0,0,0,0,0,0,1,0,0,0,0,0,0,0,0,0,0,0,0,0,0,0,0,0,0,0,0,0,0,0,0,0,0,0,0,0,0,0,0,0,0,0,0,0,0,0,1
257,394881,1,1,http,www.nijahostingresellers.com,/obe/obi/cp.php,,letter=login,,80,,,,,,0,0,0,0,0,0,0,1,0,0,0,0,0,0,0,3,1,5,0,0,0,0,0,0,0,0,0,0,0,0,1,0,0,0,63,0,com,28,15,0,12,0,,,,,,,,,,,,,0,1,0,0,0,0,0,0,0,0,0,0,0,0,0,0,0,0,0,0,0,0,0,0,0,0,0,0,0,0,0,0,0,0,0,0,0,0,0,0,0,0,0,0,0,0,0,0,0,0,0,0,0,0,0,0,0,0,0,0,0,0,0,0,0,0,0,0,0,0,0,0
205,193558,1,0,http,219.157.214.63:40734,/Mozi.m,,,,40734,219,157,214,63,219.157.214.63,0,0,0,0,0,0,0,1,0,0,0,0,0,0,0,4,0,3,0,0,0,0,0,0,0,0,0,0,0,0,0,0,0,0,27,0,0,20,7,0,0,0,apnic,4837,CN,2002/3/21,CN,,,,,,,,0,0,0,0,0,0,0,0,0,0,0,0,0,0,0,0,0,0,0,0,0,0,0,0,0,0,0,0,0,0,0,0,0,0,0,0,0,1,0,0,0,0,0,0,0,0,0,0,1,0,0,0,0,0,0,0,0,0,0,0,0,0,0,0,0,0,0,0,0,0,0,0
167,311596,0,1,https,www.nydailynews.com,/topics/Maurice%20Barrow,,,,443,2,16,167,51,2.16.167.51,0,0,0,0,0,0,0,1,0,0,0,0,0,0,0,2,0,4,0,0,0,0,0,0,0,0,0,0,0,0,0,1,0,0,51,1,com,19,24,0,0,0,ripencc,20940,NL,2010/9/10,EU,403,FALSE,nginx,0,146,text/html,0,0,1,0,0,0,0,0,0,0,0,0,0,0,0,0,0,0,0,0,0,0,0,0,0,0,0,0,0,0,0,0,1,0,0,0,0,0,0,0,0,0,0,0,1,0,0,0,0,0,1,0,0,0,0,0,0,0,1,0,0,0,0,0,0,1,0,0,0,0,0,0,0
122,353479,0,1,http,www.torrentscoop.com,/gainsbourg-vie-heroique-torrent/index.html,,,,80,,,,,,0,0,0,0,0,0,0,1,0,0,0,0,0,0,0,3,0,4,0,0,0,0,0,0,0,0,0,3,0,0,0,0,0,0,70,0,com,20,43,0,0,0,,,,,,,,,,,,,0,1,0,0,0,0,0,0,0,0,0,0,0,0,0,0,0,0,0,0,0,0,0,0,0,0,0,0,0,0,0,0,0,0,0,0,0,0,0,0,0,0,0,0,0,0,0,0,0,0,0,0,0,0,0,0,0,0,0,0,0,0,0,0,0,0,0,0,0,0,0,0
147,268086,0,1,https,www.ivyleaguesports.com,/sports/mbkb/2010-11/releases/NCAA_Mens_Basketball_Tournament_Central,,,,443,98,129,90,235,98.129.90.235,0,0,0,0,0,0,0,1,0,0,0,0,0,0,0,2,0,7,0,0,0,0,0,0,0,0,0,1,4,0,0,0,0,0,100,1,com,23,69,0,0,0,arin,33070,US,2008/5/23,US,404,FALSE,Microsoft-IIS/8.5,0,0,0,0,0,1,0,0,0,0,0,0,0,0,0,0,0,0,0,0,0,0,0,0,0,0,0,1,0,0,0,0,0,0,0,0,0,0,0,0,0,0,0,0,0,0,0,0,0,1,0,0,0,0,0,0,0,0,0,0,1,0,1,0,0,0,1,0,0,0,0,0,0,0,0,0
222,319542,1,1,http,payer.orientsportshouse.com,/rvso/rcdbl/,,,,80,,,,,,0,0,0,0,0,0,0,1,0,0,0,0,0,0,0,2,0,5,0,0,0,0,0,0,0,0,0,0,0,0,0,0,0,0,46,0,com,27,12,0,0,0,,,,,,,,,,,,,0,1,0,0,0,0,0,0,0,0,0,0,0,0,0,0,0,0,0,0,0,0,0,0,0,0,0,0,0,0,0,0,0,0,0,0,0,0,0,0,0,0,0,0,0,0,0,0,0,0,0,0,0,0,0,0,0,0,0,0,0,0,0,0,0,0,0,0,0,0,0,0
35,5312,0,1,http,www.takara-univ.ac.jp,/,,,,80,164,46,113,128,164.46.113.128,0,0,0,0,0,0,0,1,0,0,0,0,0,0,0,3,0,3,0,0,0,0,0,0,0,0,0,1,0,0,0,0,0,0,29,0,jp,21,1,0,0,0,apnic,4694,JP,1992/11/18,JP,200,FALSE,Apache,0,0,text/html; charset=UTF-8,0,0,0,0,0,0,0,1,0,0,0,0,0,0,0,1,0,0,0,0,0,0,0,0,0,0,0,0,0,0,0,0,0,0,0,0,0,0,0,0,0,0,0,1,0,0,0,0,0,0,0,0,0,0,1,0,0,0,0,0,0,0,0,0,0,0,0,0,0,0,0,0,0
153,226399,0,1,https,www.enotes.com,/topic/List_of_ships_of_the_Israeli_Navy,,,,443,,,,,,0,0,0,0,0,0,0,1,0,0,0,0,0,0,0,2,0,4,0,0,0,0,0,0,0,0,0,0,6,0,0,0,0,0,62,1,com,14,40,0,0,0,,,,,,200,FALSE,cloudflare,"Thu, 19 Nov 1981 08:52:00 GMT",0,text/html; charset=UTF-8,0,0,1,0,0,0,0,0,0,0,0,0,0,0,0,0,0,0,0,0,0,0,0,0,0,0,0,0,0,0,1,0,0,0,0,0,0,0,0,0,0,0,0,0,0,0,0,0,0,0,0,0,0,0,0,0,0,0,0,0,0,0,0,0,0,0,0,0,0,0,0,0,0
164,312144,0,1,https,www.nytimes.com,/keyword/provigo,,,,443,,,,,,0,0,0,0,0,0,0,1,0,0,0,0,0,0,0,2,0,4,0,0,0,0,0,0,0,0,0,0,0,0,0,0,0,0,39,1,com,15,16,0,0,0,,,,,,404,FALSE,Apache,0,5339,text/html; charset=UTF-8,0,0,1,0,0,0,0,0,0,0,0,0,0,0,0,1,0,0,0,0,0,0,0,0,0,0,0,0,0,0,0,0,0,0,0,0,0,0,0,0,0,0,0,0,0,0,0,0,0,0,0,0,0,0,0,0,0,0,0,1,0,0,0,0,0,0,0,0,0,0,0,0,0
55,120545,0,1,http,www.mp3bear.com,/,,q=choke+cubs+choke,,80,107,180,238,106,107.180.238.106,0,0,0,0,0,0,0,1,0,0,0,0,0,0,0,2,1,3,0,0,0,0,0,0,0,0,0,0,0,2,1,0,0,0,42,0,com,15,1,0,18,0,arin,26347,US,2018/2/16,US,200,FALSE,Apache,0,14887,text/html; charset=UTF-8,0,0,1,0,0,0,0,0,0,0,0,0,0,0,0,1,0,0,0,0,0,0,0,0,0,0,0,0,0,0,0,0,0,0,0,0,0,0,0,0,0,0,0,0,0,0,1,0,0,0,0,0,0,0,0,0,0,1,0,0,0,0,0,1,0,0,0,0,0,0,0,0,0
264,139577,1,1,http,starlitebaby.com,/xls/case8083.xls,,,,80,107,154,84,76,107.154.84.76,0,0,0,0,0,0,0,1,0,0,0,0,0,0,0,2,0,4,0,0,0,0,0,0,0,0,0,0,0,0,0,0,0,0,40,0,com,16,17,0,0,0,arin,19551,US,2013/12/2,US,503,FALSE,0,0,679,text/html,0,0,1,0,0,0,0,0,0,0,0,0,0,0,0,0,0,0,0,0,0,0,0,0,0,0,0,0,0,0,0,0,0,0,0,0,0,0,0,0,0,0,0,0,0,0,1,0,0,0,0,0,0,0,0,0,0,1,0,0,0,1,0,1,0,0,0,0,0,0,0,0,0
105,78084,0,1,http,www.en.wikipedia.org,/wiki/Donnie_Ruiz,,,,80,,,,,,0,0,0,0,0,0,0,1,0,0,0,0,0,0,0,3,0,4,0,0,0,0,0,0,0,0,0,0,1,0,0,0,0,0,44,0,org,20,17,0,0,0,,,,,,,,,,,,,0,0,0,0,0,0,0,0,1,0,0,0,0,0,0,0,0,0,0,0,0,0,0,0,0,0,0,0,0,0,0,0,0,0,0,0,0,0,0,0,0,0,0,0,0,0,0,0,0,0,0,0,0,0,0,0,0,0,0,0,0,0,0,0,0,0,0,0,0,0,0,0
297,958297,1,1,http,r100.youth.tc.edu.tw,/Corporation/En/Invoice-receipt/,,,,80,,,,,,0,0,0,0,0,0,0,1,0,0,0,0,0,0,0,4,0,6,0,0,0,0,0,0,0,0,0,1,0,0,0,0,0,0,59,0,tw,20,32,0,0,0,,,,,,,,,,,,,0,0,0,0,0,0,0,0,0,0,0,1,0,0,0,0,0,0,0,0,0,0,0,0,0,0,0,0,0,0,0,0,0,0,0,0,0,0,0,0,0,0,0,0,0,0,0,0,0,0,0,0,0,0,0,0,0,0,0,0,0,0,0,0,0,0,0,0,0,0,0,0
144,334162,0,1,https,www.sheetmusicplus.com,/s,,q=Tower+Of+Power,,443,,,,,,0,0,0,0,0,0,0,1,0,0,0,0,0,0,0,2,1,3,0,0,0,0,0,0,0,0,0,0,0,2,1,0,0,0,49,1,com,22,2,0,16,0,,,,,,200,FALSE,ECD (nya/79C5),"Tue, 16 Mar 2021 11:13:46 GMT",40907,text/html; charset=UTF-8,0,0,1,0,0,0,0,0,0,0,0,0,0,0,0,0,0,0,0,0,1,0,0,0,0,0,0,0,0,0,0,0,0,0,0,0,0,0,0,0,0,0,0,0,0,0,0,0,0,0,0,0,0,0,0,0,0,0,0,0,0,0,0,0,0,0,0,0,0,0,0,0,0
181,360173,0,1,https,www.usa-people-search.com,/Find-Bernard-Jean.aspx,,,,443,,,,,,0,0,0,0,0,0,0,1,0,0,0,0,0,0,0,3,0,3,0,0,0,0,0,0,0,0,0,4,0,0,0,0,0,0,56,1,com,25,23,0,0,0,,,,,,403,FALSE,Varnish,0,3264,text/html,0,0,1,0,0,0,0,0,0,0,0,0,0,0,0,0,0,0,0,0,0,0,0,0,0,0,0,0,0,1,0,0,0,0,0,0,0,0,0,0,0,0,0,0,0,0,0,0,0,0,0,0,0,0,0,0,0,0,1,0,0,0,0,0,0,0,0,0,0,0,0,0,0
150,172877,0,1,https,www.academon.com,/Film-Review-The-Texas-Chainsaw-Massacre/107692,,,,443,104,237,145,73,104.237.145.73,0,0,0,0,0,0,0,1,0,0,0,0,0,0,0,2,0,4,0,0,0,0,0,0,0,0,0,5,0,0,0,0,0,0,71,1,com,16,47,0,0,0,arin,63949,US,2014/11/13,US,200,FALSE,Apache,"Thu, 19 Nov 1981 08:52:00 GMT",6861,text/html; charset=UTF-8,0,0,1,0,0,0,0,0,0,0,0,0,0,0,0,1,0,0,0,0,0,0,0,0,0,0,0,0,0,0,0,0,0,0,0,0,0,0,0,0,0,0,0,0,0,0,1,0,0,0,0,0,0,0,0,0,0,1,0,0,0,0,0,1,0,0,0,0,0,0,0,0,0
84,4932,0,1,http,www.fukuoka-u.ac.jp,/,,,,80,203,180,245,163,203.180.245.163,0,0,0,0,0,0,0,1,0,0,0,0,0,0,0,3,0,3,0,0,0,0,0,0,0,0,0,1,0,0,0,0,0,0,27,0,jp,19,1,0,0,0,apnic,2497,JP,1996/4/11,JP,200,FALSE,nginx,0,0,text/html,0,0,0,0,0,0,0,1,0,0,0,0,0,0,0,0,0,0,0,0,0,0,0,0,0,0,0,0,0,0,0,0,1,0,0,0,0,0,0,0,0,0,0,1,0,0,0,0,0,0,0,0,0,0,1,0,0,0,0,0,0,0,0,0,0,0,0,0,0,0,0,0,0
209,425056,1,0,http,107.174.221.192,/lmaoWTF/loligang.spc,,,,80,107,174,221,192,107.174.221.192,0,0,0,0,0,0,0,1,0,0,0,0,0,0,0,3,0,4,0,0,0,0,0,0,0,0,0,4,0,0,0,0,0,0,65,0,0,15,21,0,0,0,arin,36352,US,2013/12/27,US,,,,,,,,0,0,0,0,0,0,0,0,0,0,0,0,0,0,0,0,0,0,0,0,0,0,0,0,0,0,0,0,0,0,0,0,0,0,0,0,0,0,0,0,0,0,0,0,0,1,0,0,0,0,0,0,0,0,0,0,1,0,0,0,0,0,1,0,0,0,0,0,0,0,0,0
17,105434,0,1,http,www.issaquahrentals.com,/,,,,80,,,,,,0,0,0,0,0,0,0,1,0,0,0,0,0,0,0,2,0,3,0,0,0,0,0,0,0,0,0,0,0,0,0,0,0,0,31,0,com,23,1,0,0,0,,,,,,200,FALSE,Apache,"Thu, 19 Nov 1981 08:52:00 GMT",6488,text/html; charset=utf-8,0,0,1,0,0,0,0,0,0,0,0,0,0,0,0,1,0,0,0,0,0,0,0,0,0,0,0,0,0,0,0,0,0,0,0,0,0,0,0,0,0,0,0,0,0,0,0,0,0,0,0,0,0,0,0,0,0,0,0,0,0,0,0,0,0,0,0,0,0,0,0,0,0
318,911509,1,0,http,62.210.207.229,/bins/owari.arm,,,,80,62,210,207,229,62.210.207.229,0,0,0,0,0,0,0,1,0,0,0,0,0,0,0,3,0,4,0,0,0,0,0,0,0,0,0,0,0,0,0,0,0,0,40,0,0,14,15,0,0,0,ripencc,12876,FR,2000/10/26,FR,200,FALSE,Apache/2.4.6 (CentOS) OpenSSL/1.0.2k-fips PHP/7.1.33,0,195,text/html; charset=UTF-8,PHP/7.1.33,0,0,0,0,0,0,0,0,0,0,0,0,0,0,0,0,1,0,0,0,0,0,0,0,0,0,0,0,0,0,0,0,0,0,0,0,0,0,0,1,0,0,0,0,0,0,0,0,0,0,1,0,0,0,0,0,0,0,0,0,0,0,0,0,1,0,0,0,0,1,0,0
37,385871,0,1,http,www.yorktown-robotics.org,/,,,,80,,,,,,0,0,0,0,0,0,0,1,0,0,0,0,0,0,0,2,0,3,0,0,0,0,0,0,0,0,0,1,0,0,0,0,0,0,33,0,org,25,1,0,0,0,,,,,,,,,,,,,0,0,0,0,0,0,0,0,1,0,0,0,0,0,0,0,0,0,0,0,0,0,0,0,0,0,0,0,0,0,0,0,0,0,0,0,0,0,0,0,0,0,0,0,0,0,0,0,0,0,0,0,0,0,0,0,0,0,0,0,0,0,0,0,0,0,0,0,0,0,0,0
51,171321,0,1,http,www.absoluteastronomy.com,/topics/Claude_Cohen-Tannoudji,,,,80,216,55,179,243,216.55.179.243,0,0,0,0,0,0,0,1,0,0,0,0,0,0,0,2,0,4,0,0,0,0,0,0,0,0,0,1,1,0,0,0,0,0,62,0,com,25,30,0,0,0,arin,18501,US,1999/5/28,US,200,FALSE,Microsoft-IIS/8.5,0,27547,text/html; charset=utf-8,ASP.NET,0,1,0,0,0,0,0,0,0,0,0,0,0,0,0,0,0,0,0,0,0,0,0,1,0,0,0,0,0,0,0,0,0,0,0,0,0,0,0,0,0,0,0,0,0,1,0,0,0,0,0,0,0,0,0,0,1,0,0,0,0,0,1,0,0,1,0,0,0,0,0,0
217,381339,1,0,http,142.93.211.204,/bins/rift.arm7,,,,80,142,93,211,204,142.93.211.204,0,0,0,0,0,0,0,1,0,0,0,0,0,0,0,4,0,4,0,0,0,0,0,0,0,0,0,0,0,0,0,0,0,0,36,0,0,14,15,0,0,0,arin,14061,US,2018/7/12,US,,,,,,,,0,0,0,0,0,0,0,0,0,0,0,0,0,0,0,0,0,0,0,0,0,0,0,0,0,0,0,0,0,0,0,0,0,0,0,0,0,0,0,0,0,0,0,0,0,1,0,0,0,0,0,0,0,0,0,0,1,0,0,0,0,0,1,0,0,0,0,0,0,0,0,0
370,639444,1,1,https,swoboda-engineering.com,/xomanb/100811sdhgjh.exe,,,,443,162,241,24,197,162.241.24.197,0,0,0,0,0,0,0,1,0,0,0,0,0,0,0,2,0,4,0,0,0,0,0,0,0,0,0,1,0,0,0,0,0,0,55,1,com,23,24,0,0,0,arin,46606,US,2013/8/22,US,406,FALSE,Apache,0,226,text/html; charset=iso-8859-1,0,0,1,0,0,0,0,0,0,0,0,0,0,0,0,1,0,0,0,0,0,0,0,0,0,0,0,0,0,0,0,0,0,0,0,0,0,0,0,0,0,0,0,0,0,0,1,0,0,0,0,0,0,0,0,0,0,1,0,0,1,0,0,1,0,0,0,0,0,0,0,0,0
215,229534,1,0,http,193.239.147.90,/assailant.mips,,,,80,193,239,147,90,193.239.147.90,0,0,0,0,0,0,0,1,0,0,0,0,0,0,0,4,0,3,0,0,0,0,0,0,0,0,0,0,0,0,0,0,0,0,36,0,0,14,15,0,0,0,ripencc,35913,NL,2019/10/17,US,,,,,,,,0,0,0,0,0,0,0,0,0,0,0,0,0,0,0,0,0,0,0,0,0,0,0,0,0,0,0,0,0,0,0,0,0,0,0,0,0,0,0,0,0,0,0,1,0,0,0,0,0,0,0,0,0,0,0,0,1,0,0,0,0,0,0,0,1,0,0,0,0,0,0,0
88,340696,0,1,https,www.spokeo.com,/Gerard+Conway,,,,443,99,86,255,82,99.86.255.82,0,0,0,0,0,0,0,1,0,0,0,0,0,0,0,2,0,3,0,0,0,0,0,0,0,0,0,0,0,1,0,0,0,0,36,1,com,14,14,0,0,0,arin,16509,US,2018/1/10,US,403,FALSE,CloudFront,0,919,text/html,0,0,1,0,0,0,0,0,0,0,0,0,0,0,0,0,0,0,0,1,0,0,0,0,0,0,0,0,0,0,0,0,0,0,0,0,0,0,0,0,0,0,0,0,0,0,1,0,0,0,0,0,0,0,0,0,0,1,1,0,0,0,0,1,0,0,0,0,0,0,0,0,0
72,362634,0,1,http,www.veromi.com,/Mark-Vachon.aspx,,,,80,,,,,,0,0,0,0,0,0,0,1,0,0,0,0,0,0,0,3,0,3,0,0,0,0,0,0,0,0,0,1,0,0,0,0,0,0,38,0,com,14,17,0,0,0,,,,,,,,,,,,,0,1,0,0,0,0,0,0,0,0,0,0,0,0,0,0,0,0,0,0,0,0,0,0,0,0,0,0,0,0,0,0,0,0,0,0,0,0,0,0,0,0,0,0,0,0,0,0,0,0,0,0,0,0,0,0,0,0,0,0,0,0,0,0,0,0,0,0,0,0,0,0
53,46606,0,1,https,www.answers.yahoo.com,/question/index,,qid=20070305092702AADA6mR,,443,87,248,100,201,87.248.100.201,0,0,0,0,0,0,0,1,0,0,0,0,0,0,0,3,1,4,0,0,0,0,0,0,0,0,0,0,0,0,1,0,0,0,70,1,com,21,15,0,25,0,ripencc,34010,GB,2005/8/17,IE,200,FALSE,ATS,0,0,text/html; charset=utf-8,0,0,1,0,0,0,0,0,0,0,0,0,0,0,1,0,0,0,0,0,0,0,0,0,0,0,0,0,0,0,0,0,0,0,0,0,0,0,0,0,0,1,0,0,0,0,0,0,0,0,0,0,1,0,0,0,0,0,0,0,0,0,0,0,0,1,0,0,0,0,0,0,0
287,330911,1,1,http,suanhangay.com,/wp-content/themes/ostrya/library/vendor/tgm/sserv.jpg,,,,80,,,,,,0,0,0,0,0,0,0,1,0,0,0,0,0,0,0,2,0,9,0,0,0,0,0,0,0,0,0,1,0,0,0,0,0,0,75,0,com,14,54,0,0,0,,,,,,,,,,,,,0,1,0,0,0,0,0,0,0,0,0,0,0,0,0,0,0,0,0,0,0,0,0,0,0,0,0,0,0,0,0,0,0,0,0,0,0,0,0,0,0,0,0,0,0,0,0,0,0,0,0,0,0,0,0,0,0,0,0,0,0,0,0,0,0,0,0,0,0,0,0,0
392,412179,1,1,http,www.hogarofuld.ru,/gate.php,,,,80,,,,,,0,0,0,0,0,0,0,1,0,0,0,0,0,0,0,3,0,3,0,0,0,0,0,0,0,0,0,0,0,0,0,0,0,0,33,0,ru,17,9,0,0,0,,,,,,,,,,,,,0,0,0,0,0,0,0,0,0,0,1,0,0,0,0,0,0,0,0,0,0,0,0,0,0,0,0,0,0,0,0,0,0,0,0,0,0,0,0,0,0,0,0,0,0,0,0,0,0,0,0,0,0,0,0,0,0,0,0,0,0,0,0,0,0,0,0,0,0,0,0,0
107,367652,0,1,https,www.whosdatedwho.com,/sections/celebrities/first-name/Ray,,,,443,174,34,56,95,174.34.56.95,0,0,0,0,0,0,0,1,0,0,0,0,0,0,0,2,0,6,0,0,0,0,0,0,0,0,0,1,0,0,0,0,0,0,64,1,com,20,36,0,0,0,arin,14742,US,2009/12/3,US,200,FALSE,Microsoft-IIS/8.5,0,15809,text/html;charset=UTF-8,0,0,1,0,0,0,0,0,0,0,0,0,0,0,0,0,0,0,0,0,0,0,0,0,1,0,0,0,0,0,0,0,0,0,0,0,0,0,0,0,0,0,0,0,0,0,1,0,0,0,0,0,0,0,0,0,0,1,0,0,0,0,0,1,0,0,0,0,0,0,0,0,0
242,300731,1,0,http,178.175.92.114:52960,/Mozi.m,,,,52960,178,175,92,114,178.175.92.114,0,0,0,0,0,0,0,2,0,0,0,0,0,0,0,4,0,3,0,0,0,0,0,0,0,0,0,0,0,0,0,0,0,0,34,0,0,20,7,0,0,0,ripencc,8661,AL,2010/4/27,AL,,,,,,,,0,0,0,0,0,0,0,0,0,0,0,0,0,0,0,0,0,0,0,0,0,0,0,0,0,0,0,0,0,0,0,0,0,0,0,0,0,0,0,0,0,0,0,0,0,0,0,0,0,0,0,0,0,0,0,0,0,0,0,0,0,0,0,0,1,0,0,0,0,0,0,0
70,234737,0,1,https,www.facebook.com,/pages/The-Wayans-Bros/36943938640,,,,443,157,240,221,35,157.240.221.35,0,0,0,0,0,0,0,1,0,0,0,0,0,0,0,2,0,5,0,0,0,0,0,0,0,0,0,2,0,0,0,0,0,0,58,1,com,16,34,0,0,0,arin,32934,US,2015/5/14,US,200,FALSE,0,"Sat, 01 Jan 2000 00:00:00 GMT",0,"text/html; charset=""utf-8""",0,0,1,0,0,0,0,0,0,0,0,0,0,0,0,0,0,0,0,0,0,0,0,0,0,0,0,0,0,0,0,0,0,0,0,0,0,0,0,0,0,0,0,0,0,0,1,0,0,0,0,0,0,0,0,0,0,1,0,0,0,0,0,1,0,0,0,0,0,0,0,0,0
31,154220,0,1,https,www.tunein.com,/radio/Morgantown-Clarksburg-Fairmont-r100196/,,,,443,,,,,,0,0,0,0,0,0,0,1,0,0,0,0,0,0,0,2,0,5,0,0,0,0,0,0,0,0,0,3,0,0,0,0,0,0,68,1,com,14,46,0,0,0,,,,,,200,FALSE,cloudflare,0,0,text/html; charset=utf-8,0,0,1,0,0,0,0,0,0,0,0,0,0,0,0,0,0,0,0,0,0,0,0,0,0,0,0,0,0,0,1,0,0,0,0,0,0,0,0,0,0,0,0,0,0,0,0,0,0,0,0,0,0,0,0,0,0,0,0,0,0,0,0,0,0,0,0,0,0,0,0,0,0
258,940868,1,0,http,45.95.147.15,/slump.m68k,,,,80,45,95,147,15,45.95.147.15,0,0,0,0,0,0,0,1,0,0,0,0,0,0,0,4,0,3,0,0,0,0,0,0,0,0,0,0,0,0,0,0,0,0,30,0,0,12,11,0,0,0,ripencc,49870,NL,2019/7/10,NL,,,,,,,,0,0,0,0,0,0,0,0,0,0,0,0,0,0,0,0,0,0,0,0,0,0,0,0,0,0,0,0,0,0,0,0,0,0,0,0,0,0,0,0,0,0,0,1,0,0,0,0,0,0,0,0,0,0,1,0,0,0,0,0,0,0,0,0,1,0,0,0,0,0,0,0
245,277368,1,0,http,219.157.51.202:56804,/Mozi.m,,,,56804,219,157,51,202,219.157.51.202,0,0,0,0,0,0,0,1,0,0,0,0,0,0,0,4,0,3,0,0,0,0,0,0,0,0,0,0,0,0,0,0,0,0,27,0,0,20,7,0,0,0,apnic,4837,CN,2002/3/21,CN,,,,,,,,0,0,0,0,0,0,0,0,0,0,0,0,0,0,0,0,0,0,0,0,0,0,0,0,0,0,0,0,0,0,0,0,0,0,0,0,0,1,0,0,0,0,0,0,0,0,0,0,1,0,0,0,0,0,0,0,0,0,0,0,0,0,0,0,0,0,0,0,0,0,0,0
357,870863,1,1,http,adventureitdate.com,/wp-admin/7b6plri60/,,,,80,108,167,189,73,108.167.189.73,0,0,0,0,0,0,0,1,0,0,0,0,0,0,0,1,0,5,0,0,0,0,0,0,0,0,0,1,0,0,0,0,0,0,46,0,com,19,20,0,0,0,arin,46606,US,2011/12/27,US,406,FALSE,Apache,0,226,text/html; charset=iso-8859-1,0,0,1,0,0,0,0,0,0,0,0,0,0,0,0,1,0,0,0,0,0,0,0,0,0,0,0,0,0,0,0,0,0,0,0,0,0,0,0,0,0,0,0,0,0,0,1,0,0,0,0,0,0,0,0,0,0,1,0,0,1,0,0,1,0,0,0,0,0,0,0,0,0
161,66423,0,1,http,www.croonet.com,/start/H_NTU4MTEwMQ%3D%3D/,,,,80,,,,,,0,0,0,0,0,0,0,1,0,0,0,0,0,0,0,2,0,5,0,0,0,0,0,0,0,0,0,0,1,0,0,2,0,0,48,0,com,15,26,0,0,0,,,,,,,,,,,,,0,1,0,0,0,0,0,0,0,0,0,0,0,0,0,0,0,0,0,0,0,0,0,0,0,0,0,0,0,0,0,0,0,0,0,0,0,0,0,0,0,0,0,0,0,0,0,0,0,0,0,0,0,0,0,0,0,0,0,0,0,0,0,0,0,0,0,0,0,0,0,0
355,1018578,1,0,http,209.97.178.68,/sparc,,,,80,209,97,178,68,209.97.178.68,0,0,0,0,0,0,0,1,0,0,0,0,0,0,0,3,0,3,0,0,0,0,0,0,0,0,0,0,0,0,0,0,0,0,26,0,0,13,6,0,0,0,arin,14061,US,1997/7/3,US,,,,,,,,0,0,0,0,0,0,0,0,0,0,0,0,0,0,0,0,0,0,0,0,0,0,0,0,0,0,0,0,0,0,0,0,0,0,0,0,0,0,0,0,0,0,0,0,0,1,0,0,0,0,0,0,0,0,0,0,1,0,0,0,0,0,1,0,0,0,0,0,0,0,0,0
21,280102,0,1,https,www.linkedin.com,/pub/chris-leroux/9/900/268,,,,443,,,,,,0,0,0,0,0,0,0,1,0,0,0,0,0,0,0,2,0,7,0,0,0,0,0,0,0,0,0,1,0,0,0,0,0,0,51,1,com,16,27,0,0,0,,,,,,999,FALSE,0,"Thu, 01 Jan 1970 00:00:00 GMT",1529,text/html,0,0,1,0,0,0,0,0,0,0,0,0,0,0,0,0,0,0,0,0,0,0,0,0,0,0,0,0,0,0,0,0,0,0,0,0,0,0,0,0,0,0,0,0,0,0,0,0,0,0,0,0,0,0,0,0,0,0,0,0,0,0,1,0,0,0,0,0,0,0,0,0,0
188,136732,0,1,http,www.quebecsuperads.com,/,,,,80,,,,,,0,0,0,0,0,0,0,1,0,0,0,0,0,0,0,2,0,3,0,0,0,0,0,0,0,0,0,0,0,0,0,0,0,0,30,0,com,22,1,0,0,0,,,,,,,,,,,,,0,1,0,0,0,0,0,0,0,0,0,0,0,0,0,0,0,0,0,0,0,0,0,0,0,0,0,0,0,0,0,0,0,0,0,0,0,0,0,0,0,0,0,0,0,0,0,0,0,0,0,0,0,0,0,0,0,0,0,0,0,0,0,0,0,0,0,0,0,0,0,0
